title,snippet
A topsy-turvy day: Mamdani and Trump find common ground,
Who MI?,
This Week in Explainers: Will India send back Sheikh Hasina to Bangladesh?,
"Jamiat Chief Backs Al Falah University Amid Delhi Blast Probe, BJP Hits Back",
"World Cup 2026, 200 days to go: What still needs to be sorted?",
The Culture of Impunity,
"COMMENTARY: Old message, new megaphone",
BJP rebuts Jamiat Chief Madani charge that govt works to ensure Muslims “Never raise their heads”,
Joe Guzzardi: Newsom is style over substance,
Chi Osse likely dropping challenge of Rep. Hakeem Jeffries after DSA votes against endorsement,
Controversy Ignites Over Jamiat Ulama-i-Hind Chief's Comments on Muslim Representation,
"I’ve seen first-hand what Trump showed the world with his piggy, horseface and slob insults",
"I’ve seen first-hand what Trump showed the world with his piggy, horseface and slob insults",
"I’ve seen first-hand what Trump showed the world with his piggy, horseface and slob insults",
"I’ve seen first-hand what Trump showed the world with his piggy, horseface and slob insults",
Mamdani trumps Trump,
Trump and Mamdani go from adversaries to allies after White House meeting,
"‘Today, a Muslim Mamdani can become mayor of New York, whereas in India...’: Jamiat Ulema-e-Hind President; BJP slams remark",
"Jamiat Chief Says 'Govt Ensuring Muslims Never Raise Heads' Amid Delhi Blast Probe, BJP Hits Back",
Mamdani-Trump ‘lovefest’ continues to rule internet. See 10 hilarious reactions,
Trump’s New Accessory Gets Chilly Reception,
Michael Goodwin: Trump’s meeting with Mamdani comes as a shock and promise that there is hope for NYC,
‘Great honour’: Says Trump after meeting Mamdani,
"Trump's breakup with Greene is not the same as others. But like always, there may be second chances",
"'Muslim Mamdani can become New York mayor, but in India...: Jamiat chief amid action against Al-Falah University",
'She's an opportunist.' Panel doubts Marjorie Taylor Greene's political 180,
How a major MAGA figure went from Trump devotee to calling quits on Congress,
‘JD Vance Is Jealous’: Fox News Anchor On Trump–Mamdani’s Unusually Warm Camaraderie,
"President Trump’s breakup with Marjorie Taylor Greene is not the same as others. But like always, there may be second chances.",
"Trump, Mamdani Say Meeting Focused on Cost of Living",
Fox News reporter turns on Trump as he says 'presidency unravelling' after Mamdani meeting,
'Zohran is a WINNER!': Mamdani PRAISED in Trump Oval Office meeting,
What Trump And Mamdani Have Said About Each Other — Then And Now,
"Shashi Tharoor hails Trump-Mamdani meet, says 'love to see more of this in India'; BJP asks ‘will Rahul Gandhi...'",
"Trump Meets Mamdani, Resurrects His Favourite India-Pakistan Mediation Tale",
Why Republicans don’t actually give a damn about affordability,
What Is an American?,
"Trump Embraces Foe, Hails ‘Great Meeting’ With Socialist Mayor-Elect Mamdani",
ICE arrests illegal immigrant selling counterfeit goods on Canal Street,
Trump repeats claim he solved Indo-Pak conflict,
Familiar Ring: NYPD sleuth's stolen ring makes it back to family after 4 decades,
"Trump's breakup with Greene is not the same as others. But like always, there may be second chances",
Why is Marjorie Taylor Greene resigning? It's messy with Trump but may not be over,
Trump would 'love to see' Marjorie Taylor Greene return to politics: Report,
Five Reasons Donald Trump Fell For Zohran Mamdani,
Chile's power broker says he won't endorse communist or far-right rival for president,
"Trump's breakup with Greene is not the same as others. But like always, there may be second chances",
"Trump's breakup with Greene is not the same as others. But like always, there may be second chances",
"Trump's breakup with Greene is not the same as others. But like always, there may be second chances",
"Trump’s breakup with Greene is not the same as others. But like always, there may be second chances",
"Trump’s breakup with Greene is not the same as others. But like always, there may be second chances",
"Trump's breakup with Greene is not the same as others. But like always, there may be second chances",
Fox News hosts left in shock after positive Mamdani-Trump meeting,
"Trump's breakup with Greene is not the same as others. But like always, there may be second chances",
"Trump's breakup with Greene is not the same as others. But like always, there may be second chances",
"Trump's breakup with Greene is not the same as others. But like always, there may be second chances",
Why is Marjorie Taylor Greene resigning? It's messy with Trump but may not be over,
"Trump's breakup with Greene is not the same as others. But like always, there may be second chances",
"Trump's breakup with Greene is not the same as others. But like always, there may be second chances",
"Trump's Breakup With Greene Is Not the Same as Others. but Like Always, There May Be Second Chances",
"Trump's breakup with Greene is not the same as others. But like always, there may be second chances",
"Trump's breakup with Greene is not the same as others. But like always, there may be second chances",
"Trump's breakup with Greene is not the same as others. But like always, there may be second chances",
"Trump's breakup with Greene is not the same as others. But like always, there may be second chances",
"Trump's breakup with Greene is not the same as others. But like always, there may be second chances",
"Trump's breakup with Greene is not the same as others. But like always, there may be second chances",
"Trump’s breakup with Greene is not the same as others. But like always, there may be second chances",
"Trump’s breakup with Greene is not the same as others. But like always, there may be second chances",
"Trump’s breakup with Greene is not the same as others. But like always, there may be second chances",
"Fertility startup that screens embryos to predict height, intelligence and disease sparks debate with 'great genes' campaign",
Stephen Colbert Stands Up For Public Media After Trump Administration Budget Cut,
NYPD Commissioner Jessica Tisch apologizes to famed synagogue's congregants for botched response to antisemitic protest,
Jeffries on if Shutdown Worked: Dems Didn’t Shut Government Down,
Trump and Mamdani: Two statists in the White House,
Sen. Warnock Spent Millions on Private Security Despite Advocating for Gun Control,
Fetterman: New Dem Candidates Making Being Anti-Israel ‘Front and Center in Their Campaign’,
A feisty outsider could swing Chile's polarized runoff election,
AOC email seeks donations for turkey giveaway — but money goes straight to her campaign coffers,
Trump-Mamdani Meet: It Was A Win-Win Situation For Both Leaders,
Trump-Mamdani Meet: It Was A Win-Win Situation For Both Leaders #Trump-Mamdani #Meet: #Win-Win #Situation #Both #Leaders #USA #Russia #Biden #Ukraine #War #Palestine #Gaza #Israel #,
Spike Lee ‘puzzled’ by Trump’s ‘quick turnaround’ on Zohran Mamdani,
Spike Lee ‘puzzled’ by Trump’s ‘quick turnaround’ on Zohran Mamdani,
Trump would ‘love to see’ Marjorie Taylor Greene return to politics: Report,
Jon Stewart rips into Donald Trump for 'palling around' with Saudi Crown Prince,
Russian flee in panic as holiday island becomes brutal war zone,
"New Yorkers praise Zohran Mamdani’s charm offensive on Trump, say they remain cautiously optimistic",
Chile’s power broker says he won’t endorse communist or far-right rival for president,
Chile's power broker says he won't endorse communist or far-right rival for president,
Chile’s power broker says he won’t endorse communist or far-right rival for president,
Chile's power broker says he won't endorse communist or far-right rival for president,
Chile’s power broker says he won’t endorse communist or far-right rival for president,
Chile's power broker says he won't endorse communist or far-right rival for president,
Chile's power broker says he won't endorse communist or far-right rival for president,
Chile's power broker says he won't endorse communist or far-right rival for president,
A feisty outsider could swing Chile's polarized runoff election,
Chile's power broker says he won't endorse communist or far-right rival for president,
Chile's Power Broker Says He Won't Endorse Communist or Far-Right Rival for President,
Chile's power broker says he won't endorse communist or far-right rival for president,
"Trump and Mamdani want Con Edison rates lowered, discuss it during White House meeting",
Is US Planning Covert Ops To Overthrow Venezuelan President Maduro? Here's What We Know,
"New Yorkers praise Zohran Mamdani’s charm offensive on Trump, say they remain cautiously optimistic - CNN",
"New Yorkers praise Zohran Mamdani’s charm offensive on Trump, say they remain cautiously optimistic | CNN Politics",
Trump and Mamdani: Two statists in the White House,
Trump and Mamdani: Two statists in the White House,
Trump and Mamdani: Two statists in the White House,
Trump and Mamdani: Two statists in the White House,
Trump and Mamdani: Two statists in the White House,
Trump and Mamdani: Two statists in the White House,
Major MAGA figure Greene resigns from US Congress,
"Trump, Mamdani shared cordial White House meeting after months of trading attacks",
Mamdani open to 'alternative' to raising taxes on rich,
John Fetterman eviscerates James Carville over plan to pack Supreme Court: 'Win more elections',
NYPD Commissioner Jessica Tisch apologizes to famed synagogue’s congregants for botched response to antisemitic protest,
UFO-like ‘drones’ targeted police helicopter over air base before vanishing: report,
Mamdani reacts to ‘chummy’ meeting with Trump,
NYC straphanger knifed in gut for asking passenger to stop talking loudly on phone: cops,
"Everyday spice may be key to fighting fat and high cholesterol, scientists say",
Karoline Leavitt made desperate FOX News act after Trump-Mamdani meeting,
4 Brilliant Leadership Lessons You Can Learn From Donald Trump’s Meeting With Zohran Mamdani,
Five theories to explain the Donald-Zohran meet-cute | Dave Schilling,
Rich moms of Manhattan go to WAR: Innocent comment plunges gilded zip code into anarchy... and everyone's looking over their shoulder,
TACO Trump Chickens Out of Sending Troops to New York,
"Gaza was ‘near and dear’ to Zohran Mamdani’s NYC mayoral bid, father says",
"Gaza was ‘near and dear’ to Zohran Mamdani’s NYC mayoral bid, father says",
Mamdani and Trump in surprise show of agreement,
"Zohran Mamdani and “You Don’t Know, Let Us Explain” Culture",
Malliotakis blasts socialism on House floor on same day Mamdani and Trump meet,
Fawning Trump trolled as single image shows spectacular Mamdani backtrack,
"Marin IJ Readers’ Forum for Nov. 23, 2025",
4 Brilliant Leadership Lessons You Can Learn From Donald Trump’s Meeting With Zohran Mamdani,
"Greene: Trump and Mamdani meeting, after all the bark, is no bite",
Donald Trump blasted as 'hypocrite' over Saudi decision in scathing attack,
Democracy triumphs as Trump and Mamdani turn division into dialogue,
TACO Trump Chickens Out of Sending Troops to New York,
"Zohran Mamdani called for an 'intifada,' why should Jews believe he'll protect them? - comment",
Trump says Mamdani can call him a “fascist” in Oval Office meet-and-greet,
"Trump shows Mamdani love, says he will do a good job",
The Mamdani-Trump Moment,
"Donald Trump's colorful week, from Marjorie to Mamdani, ends with new look",
Tharoor's post on Trump-Mamdani meeting gives BJP ammo to attack Rahul,
‘JD Vance is jealous’: Fox News host on Trump–Mamdani White House bromance,
Trump-Mamdani meeting marked by surprising moments of praise,
Hochul and Stefanik trade barbs following Trump-Mamdani meeting,
Ohio grandma brutally killed by deer she rescued in disturbing tragedy,
Exclusive — Jenn Pellegrino on Trump Meeting Zohran Mamdani: Middle Ground Comes Down to Common Sense,
How Zohran Mamdani won over Donald Trump — for now,
Trump Backs Off Plan to Deploy National Guard to New York City: ‘Other Places Need It More’,
How Zohran Mamdani won over Donald Trump — for now - vox.com,
How Zohran Mamdani won over Donald Trump — for now,
Zohran Mamdani’s Trump 'Love-Fest' Divides Socialists,
Zohran Mamdani’s Trump 'Love-Fest' Divides Socialists,
Fetterman: New Dem Candidates Making Being Anti-Israel 'Front and Center in Their Campaign',
"MS NOW Host Says Trump ‘Obviously In Love With Mamdani,’ And Her Guest Has A Theory Why",
"MS NOW Host Says Trump ‘Obviously In Love With Mamdani,’ And Her Guest Has A Theory Why",
Trump critic Spike Lee is 'puzzled' after cordial Oval Office meeting between Mamdani and president,
Donald Trump Says He Has One Thing In Common With Zohran Mamdani,
Zohran Mamdani and Trump make nice in White House love-in,
Trump meets Mamdani,
"‘The better he does, the happier I am’",
'World turned upside down’: Top MAGA allies bewildered by Trump’s whiplash,
Rudy Giuliani Says He Was ‘Sick To My Stomach’ To See His Mayoral Replacement In The Oval Office,
Everyone ‘Got Played’: Curtis Sliwa Says Americans Were ‘Suckers’ Going Into Trump-Mamdani Meeting,
Is JD Vance jealous of Zohran Mamdani? Fox News anchor says Trump prefers the socialist as his ‘running m – The Times of India,
Opinion from the chair of Staten Island’s Democratic Party: How Mamdani can deliver for this borough,
‘Do you consider Trump a dictator’? Media asks Mamdani in US President’s presence; what happened next...,
Fired ‘SNL’ Star Shane Gillis Makes Bold Claim About Donald Trump’s Mental Health After ‘Piggy’ Remark,
Fired ‘SNL’ Star Shane Gillis Makes Bold Claim About Donald Trump’s Mental Health After ‘Piggy’ Remark,
Fired ‘SNL’ Star Shane Gillis Makes Bold Claim About Donald Trump’s Mental Health After ‘Piggy’ Remark,
Fired ‘SNL’ Star Shane Gillis Makes Bold Claim About Donald Trump’s Mental Health After ‘Piggy’ Remark,
Fired ‘SNL’ Star Shane Gillis Makes Bold Claim About Donald Trump’s Mental Health After ‘Piggy’ Remark,
What Trump’s Mamdani praise — and MTG’s ouster — says about MAGA’s future - Politico,
McKenzie: Identities that make room for others strengthen our democracy,
The 177-year-old private school in South Africa that New York City’s new mayor attended,
Fox News halted for breaking Donald Trump alert as President says 'send them back',
Trump tells Zelenskyy 'he can fight his little heart out' in 'final offer' update,
Politicians shocked by Marjorie Taylor Greene’s surprise resignation announcement,
Politicians shocked by Marjorie Taylor Greene’s surprise resignation announcement,
"NYC Council set to vote on pay raises for itself, mayor by end of year: sources",
Trump gloats over ‘traitor’ MTG’s decision to quit as MAGA left reeling,
Mamdani Trump lovefest shakes up NY's political landscape ... for now,
"Reporter asks Mamdani if Trump is a fascist; Trump quips, 'Just say yes... I don't mind'",
Stubb to Yle: US-Russia peace proposal is flawed,
Shashi Tharoor praises Trump-Mamdani meet; BJP takes a jibe at Rahul Gandhi,
'Will Rahul Get The Message': BJP Takes Swipe After Tharoor Praise Of Trump–Mamdani Meeting,
Trump Says He Brokered Eight Peace Deals Including India And Pakistan During Mamdani Meet,
Trump remains silent as Mamdani accuses Israel of genocide,
‘CBS Saturday Morning’: Michelle Miller & Dana Jacobson Get Emotional in Last Show Amid Shake-Up,
‘CBS Saturday Morning’: Michelle Miller & Dana Jacobson Get Emotional in Last Show Amid Shake-Up,
‘CBS Saturday Morning’: Michelle Miller & Dana Jacobson Get Emotional in Last Show Amid Shake-Up,
‘CBS Saturday Morning’: Michelle Miller & Dana Jacobson Get Emotional in Last Show Amid Shake-Up,
‘CBS Saturday Morning’: Michelle Miller & Dana Jacobson Get Emotional in Last Show Amid Shake-Up,
"JD Vance's Attempt To Tweet About Zohran Mamdani Is So, So Awkward That The Internet Can't Stop Laughing At Him",
NYC mayor-elect Mamdani stands by calling Trump a 'fascist' but aims for collaboration,
"Nydia Velázquez Hears Calls for Generational Change, Setting Up a Fight on the Left in New York",
"To achieve affordability, politicians must be deprived of their power",
Marjorie Taylor Greene & Mamdani - Unexpected Duo Challenging Trump On Same Front | America’s Crisis,
‘Antisemitic’ activist Linda Sarsour: Mamdani mayoral win shows hating Israel can ‘send you to City Hall’,
Everyone Is Making The Same Joke Over This Mega Viral Photo Of Trump Gushing Over Zohran Mamdani,
Trump Now 'Comfortable' With Socialist Zohran Mamdani Who 'Fumbled' Fascist Question,
NYC mayor-elect Mamdani stands by calling Trump a 'fascist' but aims for collaboration,
"After Months of Bitter Attacks, Trump Praises Mamdani in White House Meeting",
NYC mayor-elect Mamdani stands by calling Trump a 'fascist' but aims for collaboration,
NYC mayor-elect Mamdani stands by calling Trump a 'fascist' but aims for collaboration,
What Trump and Mamdani have said about each other — then and now,
Major MAGA leader quits US Congress,
Cari Champion compares Trump & Mamdani to ‘hot chicks in the club’,
KINSELLA: New report reveals more funding of protesters involved in anti-Israel agitation,
Mamdani Campaign Video Editor Produces CCP Propaganda Downplaying Ongoing Genocide,
‘Good boy’ Mamdani and Trump ‘in control’: Body language expert decodes White House meeting,
MIKEY SMITH: 8 unhinged Donald Trump moments as JD Vance appears with weird stain on his shirt,
Nicolle Wallace Makes a Bold Declaration About Donald Trump’s Shocking Zohran Mamdani Meeting,
Nicolle Wallace Makes a Bold Declaration About Donald Trump’s Shocking Zohran Mamdani Meeting,
Nicolle Wallace Makes a Bold Declaration About Donald Trump’s Shocking Zohran Mamdani Meeting,
Nicolle Wallace Makes a Bold Declaration About Donald Trump’s Shocking Zohran Mamdani Meeting,
Nicolle Wallace Makes a Bold Declaration About Donald Trump’s Shocking Zohran Mamdani Meeting,
Nicolle Wallace Makes a Bold Declaration About Donald Trump’s Shocking Zohran Mamdani Meeting,
Nicolle Wallace Makes a Bold Declaration About Donald Trump’s Shocking Zohran Mamdani Meeting,
Nicolle Wallace Makes a Bold Declaration About Donald Trump’s Shocking Zohran Mamdani Meeting,
Nicolle Wallace Makes a Bold Declaration About Donald Trump’s Shocking Zohran Mamdani Meeting,
Nicolle Wallace Makes a Bold Declaration About Donald Trump’s Shocking Zohran Mamdani Meeting,
Nicolle Wallace Makes a Bold Declaration About Donald Trump’s Shocking Zohran Mamdani Meeting,
Nicolle Wallace Makes a Bold Declaration About Donald Trump’s Shocking Zohran Mamdani Meeting,
Nicolle Wallace Makes a Bold Declaration About Donald Trump’s Shocking Zohran Mamdani Meeting,
Nicolle Wallace Makes a Bold Declaration About Donald Trump’s Shocking Zohran Mamdani Meeting,
Nicolle Wallace Makes a Bold Declaration About Donald Trump’s Shocking Zohran Mamdani Meeting,
Nicolle Wallace Makes a Bold Declaration About Donald Trump’s Shocking Zohran Mamdani Meeting,
Nicolle Wallace Makes a Bold Declaration About Donald Trump’s Shocking Zohran Mamdani Meeting,
Nicolle Wallace Makes a Bold Declaration About Donald Trump’s Shocking Zohran Mamdani Meeting,
Nicolle Wallace Makes a Bold Declaration About Donald Trump’s Shocking Zohran Mamdani Meeting,
Nicolle Wallace Makes a Bold Declaration About Donald Trump’s Shocking Zohran Mamdani Meeting,
Nicolle Wallace Makes a Bold Declaration About Donald Trump’s Shocking Zohran Mamdani Meeting,
Nicolle Wallace Makes a Bold Declaration About Donald Trump’s Shocking Zohran Mamdani Meeting,
Nicolle Wallace Makes a Bold Declaration About Donald Trump’s Shocking Zohran Mamdani Meeting,
Nicolle Wallace Makes a Bold Declaration About Donald Trump’s Shocking Zohran Mamdani Meeting,
Nicolle Wallace Makes a Bold Declaration About Donald Trump’s Shocking Zohran Mamdani Meeting,
Nicolle Wallace Makes a Bold Declaration About Donald Trump’s Shocking Zohran Mamdani Meeting,
Nicolle Wallace Makes a Bold Declaration About Donald Trump’s Shocking Zohran Mamdani Meeting,
Nicolle Wallace Makes a Bold Declaration About Donald Trump’s Shocking Zohran Mamdani Meeting,
Nicolle Wallace Makes a Bold Declaration About Donald Trump’s Shocking Zohran Mamdani Meeting,
Nicolle Wallace Makes a Bold Declaration About Donald Trump’s Shocking Zohran Mamdani Meeting,
Nicolle Wallace Makes a Bold Declaration About Donald Trump’s Shocking Zohran Mamdani Meeting,
Nicolle Wallace Makes a Bold Declaration About Donald Trump’s Shocking Zohran Mamdani Meeting,
Nicolle Wallace Makes a Bold Declaration About Donald Trump’s Shocking Zohran Mamdani Meeting,
Nicolle Wallace Makes a Bold Declaration About Donald Trump’s Shocking Zohran Mamdani Meeting,
Nicolle Wallace Makes a Bold Declaration About Donald Trump’s Shocking Zohran Mamdani Meeting,
Nicolle Wallace Makes a Bold Declaration About Donald Trump’s Shocking Zohran Mamdani Meeting,
Nicolle Wallace Makes a Bold Declaration About Donald Trump’s Shocking Zohran Mamdani Meeting,
Nicolle Wallace Makes a Bold Declaration About Donald Trump’s Shocking Zohran Mamdani Meeting,
Nicolle Wallace Makes a Bold Declaration About Donald Trump’s Shocking Zohran Mamdani Meeting,
Nicolle Wallace Makes a Bold Declaration About Donald Trump’s Shocking Zohran Mamdani Meeting,
Nicolle Wallace Makes a Bold Declaration About Donald Trump’s Shocking Zohran Mamdani Meeting,
Nicolle Wallace Makes a Bold Declaration About Donald Trump’s Shocking Zohran Mamdani Meeting,
Nicolle Wallace Makes a Bold Declaration About Donald Trump’s Shocking Zohran Mamdani Meeting,
Trump gloats over ‘traitor’ MTG’s decision to quit as MAGA left reeling,
Maurice Benard on That Anthony Geary Surprise & His Dream ‘General Hospital’ Podcast Guests,
Maurice Benard on That Anthony Geary Surprise & His Dream ‘General Hospital’ Podcast Guests,
Maurice Benard on That Anthony Geary Surprise & His Dream ‘General Hospital’ Podcast Guests,
Maurice Benard on That Anthony Geary Surprise & His Dream ‘General Hospital’ Podcast Guests,
Maurice Benard on That Anthony Geary Surprise & His Dream ‘General Hospital’ Podcast Guests,
Maurice Benard on That Anthony Geary Surprise & His Dream ‘General Hospital’ Podcast Guests,
"This is how democracy should work, hope to see this in India: Shashi Tharoor lauds Trump-Mamdani meet",
Breaking down Trump and Mamdani's Oval Office meeting,
"Trump, Mamdani Find Common Ground in Oval Office Meeting",
Did Trump’s warmth toward Mamdani rattle JD Vance?,
Trump Terminates Temporary Deportation Protections For Somalis In Minnesota,
Is JD Vance Jealous? Trump–Mamdani 'Love-Fest' Sparks Buzz,
"""JD Vance Is Jealous"": Fox News Host On Camaraderie Between Trump-Mamdani",
"City Council plans to wreck NYC's housing market in name of affordability, 'saving' it",
Trump-Mamdani love-fest lights up US politics,
Following are the top foreign stories at 2030 hours,
Inside Trump and Mamdani's surprising bond of convenience,
Larry Wilson: How the Dems can get back to winning,
Larry Wilson: How the Dems can get back to winning,
Larry Wilson: How the Dems can get back to winning,
Larry Wilson: How the Dems can get back to winning,
Larry Wilson: How the Dems can get back to winning,
Larry Wilson: How the Dems can get back to winning,
Seattle about to get NY's hammer-and-sickle treatment. Socialism is coming your way,
Op-Ed: Women Made a Risky Bet By Supporting Mamdani - This May Not End Well,
"Tharoor Lauds Trump–Mamdani Harmony, BJP Says ‘Hope Rahul Gets The Message’",
"NY Democrat warns extremism on left, right is 'road to ruin'",
Fox News dishes major blow to Donald Trump as host says ‘wheels are coming off' MAGA,
Inside Trump and Mamdani's surprising bond of convenience,
Trump lavishes praise on New York Mayor-elect Mamdani at warm White House meeting,
Tharoor’s remark on Trump-Mamdani meet earns praise from BJP: ‘Will Rahul get message?’,
"This is how democracy should work, hope to see this in India: Tharoor lauds Trump-Mamdani meet",
'Will Rahul Gandhi get the message?': BJP's jibe at Tharoor's Trump-Mamdani meet remark,
Tom Elias: Prop. 50 likely to survive Texas decision,
Major MAGA figure Marjorie Taylor Greene resigns from U.S. Congress,
Trump lashes out at MTG after shock announcement while MAGA split between confusion and joy: Latest,
Is JD Vance jealous of Zohran Mamdani? Fox News anchor says Trump prefers the socialist as his 'running mate',
When they met! No sparks flew as '100% communist lunatic' came calling on a 'fascist despot',
"""Stop Funding Israeli Genocide in Gaza..."" Mamdani Stuns Trump, IDF Chief Slams ""Jewish Rioters"" |4k",
Trump defends socialism in Zohran Mamdani meeting the same day House GOP passes resolution condemning it,
"Spike Lee ‘Puzzled’ by Trump-Mamdani Detente, Still ‘Floating’ After Meeting With Pope Leo: ‘Black Folks, We Claim Him. We Call Him Our Brother!’",
‘I don’t mind’: Trump unfazed with Mamdani calling him a ‘fascist’,
‘I don’t mind’: Trump unfazed with Mamdani calling him a ‘fascist’,
Harrop: Newly elected Zohran Mamdani starts to deflate,
Dennis Marek: What is a gifted child?,
Mamdani says Israel is ‘committing genocide’ in Gaza at Trump meeting,
Mamdani says Israel is ‘committing genocide’ in Gaza at Trump meeting,
NYC Mayor-elect Mamdani and President Trump find common ground during first meeting at White House,
Trump’s friendly Mamdani meeting sends SHOCKWAVES through MAGA world,
Trump defends socialism in Zohran Mamdani meeting the same day House GOP passes resolution condemning it,
Top MAGA voice Taylor Greene resigns from US Congress,
This is how democracy should work hope to see this in India Tharoor lauds Trump-Mamdani meet,
Trump's three reversals shake his loyal MAGA base,
‘Really great mayor’: Trump showers Zohran Mamdani with praise,
Latest on the Trump administration as White House pressures Ukraine to accept peace plan,
DAVID MARCUS: Trump and Mamdani showed us all how to act at Thanksgiving,
Trump lavishes praise on New York’s mayor-elect Mamdani at warm White House meeting,
Turn the love up: Inside the odd bromance of Donald Trump and Zohran Mamdani,
"Republicans Erupt After Trump Hails Mamdani, Branding Move 'Disastrous'",
"5 stories you must read today, November 22: From the death of another BLO in West Bengal to Spotify’s new feature and more",
"In a Surreal Meeting, Trump Stresses Common Ground With Mamdani - The New York Times",
"Shashi Tharoor hails Trump-Mamdani meet, says, 'Would love to see...'",
‘MAGA-ing Alcatraz’: Crypto exec pitches Trump on Greek-god monument taller than Statue of Liberty for ex-prison island,
‘MAGA-ing Alcatraz’: Crypto exec pitches Trump on Greek-god monument taller than Statue of Liberty for ex-prison island,
Trump follows friendly Mamdani meeting with photo spread,
Trump follows friendly Mamdani meeting with photo spread,
The analyst who once predicted the ‘end of capitalism’ sees Zohran Mamdani as a ‘day of reckoning coming in’—and corporates only have themselves to blame,
"Trump, reporters and Mamdani collide in a heated debate over ICE & crime policy in New York City",
MAGA fumes at 'terrible person' Trump for dumping on MTG after resignation announcement,
"Trump, NYC mayor-elect Mamdani strike unexpectedly warm tone in White House meeting",
‘I did 8 peace deals’: Trump again touts role in India-Pakistan ceasefire during Mamdani meet,
The analyst who once predicted the ‘end of capitalism’ sees Zohran Mamdani as a ‘day of reckoning coming in’—and corporates only have themselves to blame,
The analyst who once predicted the ‘end of capitalism’ sees Zohran Mamdani as a ‘day of reckoning coming in’—and corporates only have themselves to blame,
"Trump and Mamdani visit: Both men get something they want, GOP loses a punching bag",
"Trump and Mamdani visit: Both men get something they want, GOP loses a punching bag",
How Zohran Mamdani's NYC victory could make a hot ultra-luxury market in cities like Miami even hotter,
DH Evening Brief | PM Modi proposes three initiatives at G20; Bengaluru police crack ATM cash-van heist,
Major MAGA figure Greene resigns from US Congress,
Major MAGA figure Greene resigns from US Congress,
Major MAGA figure Greene resigns from US Congress,
Trump and New York City Mayor-elect Zohran Mamdani's cordial meeting,
"Trump-Mamdani Meet: Shashi Tharoor Praises Interaction, Says 'This Is How Democracy Should Work'",
"Trump, Mamdani bonhomie an unusual photo-op in Oval Office, but how long will truce last?",
"Mamdani Won The Optics, But Trump’s Gestures Told a Different Truth, Analyst Reveals",
"'I'll Stick Up for You': Watch Key Moments from Trump's Bizarre, Funny Meeting with Mamdani",
"Trump, Mamdani bonhomie an unusual photo-op in Oval Office, but how long will truce last?",
‘Wild to allow a jihadist communist...’: Laura Loomer says she is 'sad to see' Zohran Mamdani stand beside Trump in the White House,
"Trump turns the Leftist media’s ‘fascist’ jibe into a joke, tells Zohran Mamdani ‘it is ok’ to call him that",
Tharoor gives 'democracy' lesson after Trump's 'great' meeting with Mamdani,
Marjorie Taylor Greene could have led the anti-Trump resistance but the mob boss got his way,
Trump Faces a Lame-Duck Economy,
This week in business: A housing plateau collides with an AI reality check,
"From ""Nightmare"" To Newfound Chemistry: Trump And Mamdani Strike Unexpected Harmony After White House Meeting",
AP News Summary at 6:52 a.m. EST,
AP News Summary at 6:52 a.m. EST,
AP News Summary at 6:52 a.m. EST,
AP News Summary at 6:45 a.m. EST,
What Happened When Mamdani Met US President? Definitely NOT What Internet Predicted: ‘Plot Twist of 2025’,
"Trump’s White House wants to tell CNN, WaPo who to hire and fire",
"NYC Safety: Mamdani Commits To 35,000 Officers During Tense Trump Meeting",
Shashi Tharoor hails Trump-Mamdani meeting as “how democracy should work”,
"Lit Hub Weekly: November 17 – 12, 2025",
Leftist New York mayor-elect faces Trump in White House showdown,
Trump-Mamdani Meet: It Was A Win-Win Situation For Both Leaders,
Donald Trump 'keen' to be friends with Democratic mayor Zohran Mamdani after telling move,
AP News Summary at 6:20 a.m. EST,
AP News Summary at 6:20 a.m. EST,
AP News Summary at 6:20 a.m. EST,
AP News Summary at 6:20 a.m. EST,
AP News Summary at 6:20 a.m. EST,
Governor Hochul Was A Guest On“All In” With Chris Hayes,
"Uncommon Knowledge: Mamdani and MTG, Two Sides of the Same Coin",
Major Maga figure Marjorie Greene resigns after Trump clash,
'This is how democracy should work': Shashi Tharoor on Trump-Mamdani meet,
AP News in Brief at 6:04 a.m. EST,
'Will Rahul Gandhi get the message?': Shashi Tharoor's post on Trump-Mamdani meeting gets BJP's backing,
David Kaufman: Zohran Mamdani blames Jews for being targeted by hateful protesters,
David Kaufman: Zohran Mamdani blames Jews for being targeted by hateful protesters,
‘Horrors of socialism’: The new red scare that preempts debate | Opinion,
"Uncommon Knowledge: Mamdani and MTG, Two Sides of the Same Coin",
AP News Summary at 5:53 a.m. EST,
AP News Summary at 5:53 a.m. EST,
AP News Summary at 5:53 a.m. EST,
AP News Summary at 5:53 a.m. EST,
AP News Summary at 5:53 a.m. EST,
Zohran Mamdani confronts tough questions on WH sit-down with Trump— ‘We don't agree on everything',
Donald Trump says ‘I don’t mind if you call me a fascist’ in meeting with Mamdani,
Trump reiterates role in India-Pakistan peace during meeting with Mamdani,
Online crowd pokes fun at Trump after warm Mamdani meetup,
AP News Summary at 5:32 a.m. EST,
AP News Summary at 5:32 a.m. EST,
AP News Summary at 5:32 a.m. EST,
AP News Summary at 5:32 a.m. EST,
AP News Summary at 5:32 a.m. EST,
WILD MOMENT: Trump Watches As Mamdani Blasts U.S. For Funding Israel’s ‘Genocide’ In Gaza,
BJP Needles Rahul Gandhi After Tharoor’s ‘Democracy’ Post on Trump-Mamdani Meet: ‘Will He Get The Message?’,
'Standing Next to Jihadist?': Reporter Asks Trump After Mamdani Meeting | Watch Response,
Mamdani Says Israeli Government 'Committing Genocide' in Gaza During Trump Meeting,
Watch: Trump Tells Mamdani To ‘Just Say It’ as NYC Mayor-Elect Is Asked If US President is a Fascist,
'Learn to Cooperate': Is Shashi Tharoor's Post on Trump–Mamdani Meet a Swipe at Congress?,
‘Communist’ Mamdani and ‘Fascist’ Trump have far too cordial a meeting,
Major MAGA figure Marjorie Taylor Greene resigns from US Congress,
Leftist NY mayor-elect and Trump make nice in White House love-in,
"'This Is How Democracy Should Work': Tharoor Urges Political Cooperation In India, Cites Trump-Mamdani Interaction",
"‘Will Rahul Gandhi get message?’: Tharoor’s X post on Trump–Mamdani meet wins BJP praise, sparks swipe at Congress",
'Will Rahul get message?': BJP mocks Congress as 'sore loser'; Shashi Tharoor's Trump-Mamdani remark sparks row,
Are the rich fleeing Mamdani’s Manhattan? Not according to the data.,
"Trump and Mamdani strike an optimistic tone, sidestepping past critiques",
Trump and Mamdani agree to cooperate for the sake of New York,
"Between ‘Communist’ Mamdani and ‘Despot’ Trump, the common ground is the city",
Doubling Down: Top House Democrat says focus on high prices ‘absolutely going to continue’,
NYC’s matching funds fueled Mamdani’s success,
Tharoor Does It Again; Causes Discomfort In Party By Seeking Civility In Politics,
"Censures, indictments and a fire: The House returned after weeks and everything blew up",
Republicans Are Facing a Generational Rift,
Laura Loomer seethes over Zohran Mamdani’s surprisingly smooth Oval office meeting with Trump,
Tharoor cites Trump-Mamdani meet to urge 'Mature Cooperation' in Indian politics,
Tharoor cites Trump-Mamdani interaction to underline need for political cooperation,
"Trump Repeats: I Did Eight Peace Deals Of Countries, Including India and Pakistan",
Leftist NY mayor-elect and Trump make nice in White House love-in,
Watch: All smiles as Donald Trump hosts Zohran Mamdani at the White House,
President cordially welcomes Mamdani,
Adversaries To Allies: Changing Trump-Mamdani Bond Post White House Meet,
Shashi Tharoor cites Trump-Mamdani exchange to urge political cooperation in India,
‘This is how democracy should work’: Congress MP Shashi Tharoor on Mamdani–Trump meet,
Trump’s Ally Greene Resigns From US Congress,
Fox News halted as Trump loses it with fellow leader over 'out of control problem',
Shashi Tharoor's Post On Trump-Mamdani Meet Gets BJP Thumbs-Up,
"Ex-general says Saudis unlikely to leak F-35 tech, but China 'could exploit through intel'",
Trump Praises New York Mayor-Elect Mamdani At Warm White House Meeting,
"Trump calls meeting with Mamdani ‘productive,’ says he hopes he will be a ‘great Mayor’",
US Lawmaker Who Sought To End H-1B Visa Programme To Resign As Rift With Trump Camp Widens,
Trump and Mamdani meet in the Oval Office saying they both care about affordability,
Trump and Mamdani surprisingly go from adversaries to allies in Oval Office meeting,
Trump and Mamdani surprisingly go from adversaries to allies in Oval Office meeting,
Trump meets with NYC mayor-elect,
Tharoor Applauds Trump-Mamdani Meeting: A Lesson in Democracy,
"‘This is how Democracy should work, I wish to see this in India too’: Tharoor on Trump–Mamdani meeting",
Zohran Mamdani and Donald Trump enjoy New Yorker bromance at White House,
‘Great meeting’: Key takeaways from Trump-Mamdani White House meeting,
"Readers sound off on Trump’s Epstein strategy, the Cotton Club and Mamdani on Tisch",
"Readers sound off on Trump’s Epstein strategy, the Cotton Club and Mamdani on Tisch",
Mamdani confronts Trump over US role in Gaza conflict,
AP News Summary at 2:53 a.m. EST,
AP News Summary at 2:53 a.m. EST,
AP News Summary at 2:53 a.m. EST,
AP News Summary at 2:53 a.m. EST,
AP News Summary at 2:53 a.m. EST,
AP News Summary at 2:53 a.m. EST,
AP News Summary at 2:53 a.m. EST,
AP News Summary at 2:53 a.m. EST,
AP News Summary at 2:53 a.m. EST,
AP News Summary at 2:53 a.m. EST,
AP News Summary at 2:53 a.m. EST,
AP News Summary at 2:53 a.m. EST,
AP News Summary at 2:53 a.m. EST,
AP News Summary at 2:53 a.m. EST,
"New York Mayor Mamdani, Trump make nice in White House love-in",
"Zohran Mamdani called Trump a fascist in the Oval Office, with Trump’s permission – 18 priceless responses to the president’s love-in",
'Did 8 peace deals': Trump repeats role in India-Pakistan ceasefire during Mamdani meeting; claim made over 60 times,
Trump Says Zelensky 'Will Have to Like' Ukraine Peace Plan Ahead of Nov. 27 Deadline,
"Trump Meets New York Mayor Mamdani, Discusses Differences on ICE Policy",
‘Great meeting’: Key takeaways from Trump-Mamdani White House meeting,
"Shashi Tharoor Uses Donald Trump-Zohran Mamdani Meeting To Take a Dig At Congress, 'Fight But...'",
Trump Brushes Off ‘Fascist’ Tag; Did Mamdani Falter? Oval Office Face-off Goes Viral,
"Trump, Mamdani Bonhomie An Unusual Photo-Op In Oval Office, But How Long Will Truce Last?",
Veiled jibe at Congress? Shashi Tharoor praises Trump-Mamdani meeting; calls it 'how democracy should work',
How Billionaires Took over American Politics,
Trump repeats claim of resolving India-Pak conflict in meeting with Mamdani,
Major MAGA figure Greene resigns from US Congress,
"Trump Praises Zohran Mamdani: 'You're Gonna Have, Hopefully, A Really Great Mayor'",
Marjorie Taylor Greene Plans to Resign after Split with Trump over Epstein Files,
"Trump Praises Mamdani, Defends Against 'Jihadist' Jibe: Key Moments From High-Stakes Oval Office Meeting",
‘I think JD Vance is jealous’: Fox News host Brian Kilmeade quips on Trump-Mamdani meet,
Trump says Zelenskyy will 'have to like' US plan to end Ukraine-Russia war,
Former Trump ally Marjorie Greene resigns from US Congress,
Leftist New York Mayor-Elect Faces Trump In White House Showdown,
"'I Did Eight Peace Deals Of Countries, Including India And Pakistan': US President Donald Trump Repeats Claim In Meeting With Zohran Mamdani",
Donald Trump again claims he ‘solved’ India-Pakistan conflict,
Leftist NY mayor-elect and Trump make nice in White House love-in,
The Real Affordability Agenda,
'This Is How Democracy Should Work': Shashi Tharoor Praises Trump-Mamdani White House Meeting,
"'I Did 8 Peace Deals Of Countries, Including India-Pakistan': Donald Trump Repeats Claim In Meeting With Mamdani",
Major MAGA figure Marjorie Taylor Greene resigns from US Congress,
'I'd Love To See This In India': Shashi Tharoor's Message On Democracy After Trump-Mamdani Meet,
When Trump met Zohran Mamdani. The Oval Office spectacle that’s become the talk of the town,
"Trump meets Mamdani, says he is ‘confident’ mayor-elect can do ‘good job’",
Trump-Mamdani showdown: 5 crucial takeaways from White House talks,
Trump praises New York mayor-elect Mamdani at warm White House meeting,
Trump praises New York mayor-elect Mamdani at warm White House meeting,
"In Meeting with Mamdani, Trump Repeats India, Pakistan",
Shashi Tharoor reacts to cordial Trump-Mamdani meeting: ‘This is how democracy should work',
Fox’s Gasparino Says ‘The Wheels Are Coming off the Trump Presidency’ After ‘Pathetic’ Meeting With Mamdani,
Body language experts claims Trump showed Mamdani who is boss with one move,
"“I did eight peace deals of countries, including India and Pakistan”: Trump repeats claim in meeting with Mamdani",
Trump reiterates India-Pakistan claim during meet with Zohran Mamdani,
"Trump and Mamdani meet, swap smiles and pledge to work together",
Nicola Sturgeon’s Covid approach shows limits of centralisation,
"Trump–Mamdani White House meeting turns surprisingly friendly, focus on housing and inflation",
Donald Trump Calls Marjorie Taylor Greene’s Resignation ‘Great News for the Country’,
Insider reveals why Trump went soft on Mamdani during surprise love-in with socialist at Oval Office,
Will get along fine with Mamdani: Trump,
Trump: MTG Resignation ‘Great News for the Country’,
Zohran Mamdani meets Trump at Oval Office,
"Trump Administration Sues California Over Tuition, Scholarships For Illegal Immigrants",
Leavitt attempted to paint Trump as a political mastermind who played Mamdani like a fiddle.,
